stem,sentence_id,take,frames_raw,frames_after_trim,lh_rate,rh_rate,max_abs
001_t1,1,1,133,66,0.0,1.0,2.7
002_t1,2,1,137,88,0.11,0.92,2.91
003_t1,3,1,102,45,0.0,1.0,2.81
004_t1,4,1,125,48,0.0,1.0,2.61
005_t1,5,1,188,76,0.11,1.0,3.6
007_t1,7,1,126,126,0.61,0.89,3.6
008_t1,8,1,133,133,0.81,0.89,3.48
009_t1,9,1,116,116,0.48,1.0,3.18
010_t1,10,1,201,201,1.0,1.0,3.51
011_t1,11,1,154,154,1.0,0.86,3.47
011_t2,11,2,189,189,1.0,0.91,3.58
012_t1,12,1,200,200,0.98,1.0,3.61
013_t1,13,1,185,185,0.97,1.0,3.79
014_t1,14,1,164,164,1.0,0.94,3.77
016_t1,16,1,140,140,1.0,0.89,3.8
017_t1,17,1,158,158,0.94,1.0,4.04
018_t1,18,1,104,104,1.0,0.69,4.2
