video_path,sentence_id,take,signer
data/videos/001_t1.mp4,1,1,s1
data/videos/002_t1.mp4,2,1,s1
data/videos/003_t1.mp4,3,1,s1
data/videos/004_t1.mp4,4,1,s1
data/videos/005_t1.mp4,5,1,s1
data/videos/007_t1.mp4,7,1,s1
data/videos/008_t1.mp4,8,1,s1
data/videos/009_t1.mp4,9,1,s1
data/videos/010_t1.mp4,10,1,s1
data/videos/011_t1.mp4,11,1,s1
data/videos/011_t2.mp4,11,2,s1
data/videos/012_t1.mp4,12,1,s1
data/videos/013_t1.mp4,13,1,s1
data/videos/014_t1.mp4,14,1,s1
data/videos/016_t1.mp4,16,1,s1
data/videos/017_t1.mp4,17,1,s1
data/videos/018_t1.mp4,18,1,s1
